case,json_valid,grammar_done,generated_tokens,elapsed_seconds,ms_per_token,vocabulary_size,average_valid_tokens,average_masked_tokens,average_masking_ratio,minimum_valid_tokens,maximum_valid_tokens
1,True,True,21,16.447169499937445,783.1985476160688,151665,101479.52380952382,50185.47619047619,0.33089688583705,439,150898
2,True,True,30,22.607314399909228,753.577146663641,151665,121501.43333333333,30163.566666666666,0.19888284486642713,439,150898
3,True,True,32,21.204409199999645,662.6377874999889,151665,123338.71875,28326.28125,0.1867687419641974,439,150898
4,True,True,19,10.94503160007298,576.0542947406832,151665,96297.0,55368.0,0.36506774799723074,439,150898
5,True,True,36,22.469403800088912,624.1501055580253,151665,109741.41666666667,41923.583333333336,0.2764222683765756,439,150898
6,True,True,35,16.3562954000663,467.32272571618006,151665,108565.5142857143,43099.485714285714,0.2841755560893134,439,150898
7,True,True,34,19.165845000185072,563.7013235348551,151665,116109.32352941176,35555.67647058824,0.23443560788967946,439,150898
8,True,True,37,18.934193100081757,511.7349486508583,151665,110853.75675675676,40811.24324324324,0.2690880772969587,439,150898
9,True,True,31,14.918817199999467,481.25216774191824,151665,122449.70967741935,29215.290322580644,0.1926304046588247,439,150898
10,True,True,38,18.940099600004032,498.4236736843166,151665,111907.55263157895,39757.44736842105,0.26213989627416384,439,150898
11,True,True,37,19.424690200015903,524.9916270274568,151665,110853.75675675676,40811.24324324324,0.2690880772969587,439,150898
12,True,True,38,18.257228100206703,480.4533710580711,151665,111907.55263157895,39757.44736842105,0.26213989627416384,439,150898
13,True,True,20,11.224194699898362,561.2097349949181,151665,98990.15,52674.85,0.347310519895823,439,150898
14,True,True,35,17.34262440004386,495.5035542869674,151665,108565.5142857143,43099.485714285714,0.2841755560893134,439,150898
15,True,True,34,18.600580600090325,547.0759000026566,151665,124959.85294117648,26705.147058823528,0.17607982763870061,439,150898
16,True,True,37,17.836709999945015,482.07324324175715,151665,110853.75675675676,40811.24324324324,0.2690880772969587,439,150898
17,True,True,24,12.233806799864396,509.74194999434985,151665,107641.45833333333,44023.541666666664,0.2902682996516445,439,150898
18,True,True,33,17.542982700048015,531.6055363650913,151665,124173.84848484848,27491.151515151516,0.18126233155409302,439,150898
19,True,True,38,18.137732099974528,477.3087394730139,151665,111907.55263157895,39757.44736842105,0.26213989627416384,439,150898
20,True,True,40,19.55698429979384,488.924607494846,151665,113857.075,37807.925,0.2492857613819932,439,150898
